image_id,n_objects,mean_area,density_class,quality_flag,narrative
test_000,8,191.0,sparse,ok,"The test_000 image contains 8 objects with varying sizes, as indicated by a standard deviation of 111 pixels in their areas. These objects appear to have a range of shapes, as evidenced by an eccentricity value that averages around 0.632, suggesting some elongation or irregularity. However, the mean solidity and extent values suggest that most of these objects are roughly convex and well-defined, implying a relatively regular shape population."
test_001,14,199.71428571428572,sparse,ok,"The image contains 14 objects with varying sizes, as indicated by a mean area of 199.7 pixels and a range of 59 to 624 pixels. The shapes of these objects appear to be somewhat irregular, given the mean eccentricity of 0.632 and solidity of 0.942. The density of objects within the image is not easily quantified with the provided measurements, as some may be overlapping or partially occluded."
test_002,26,219.23076923076923,normal,ok,"The test_002 image contains 26 objects of varying sizes, with a range from approximately 52 pixels to 505 pixels in area. The objects exhibit some degree of elongation and irregularity, as indicated by an eccentricity mean greater than 0.5. While the exact density and distribution of these objects cannot be determined solely based on these measurements, it appears that they occupy a non-uniform space within the image."
test_003,19,203.10526315789474,normal,ok,"The image contains 19 objects with varying sizes, as indicated by a mean area of 203.1 pixels and a standard deviation of 101.8 pixels, spanning from 63.0 to 500.0 pixels in size. The shapes are irregular, with elongated features, as suggested by the mean eccentricity value of 0.697. The objects appear to be roughly filled and have a high solidity, indicating that they have well-defined boundaries. The density of objects is difficult to determine due to the lack of spatial information."
test_004,43,329.16279069767444,dense,ok,"The test_004 image contains 43 objects with varying sizes, ranging from approximately 63 to 1323 pixels in area. While some objects appear nearly circular, many exhibit elongated shapes, indicating a non-uniform distribution of size and shape among the population. The objects' overall regularity is moderate, given their relatively high solidity values."
test_005,16,407.3125,normal,ok,"The image contains 16 objects, with a wide range of sizes (from 67 to 2054 pixels in area), indicating a heterogeneous population. The objects exhibit varying degrees of elongation and shape irregularity, with some being nearly circular and others significantly more elongated. Overall, the population appears to be moderately dense, with most objects occupying a substantial fraction of their bounding boxes."
test_006,8,197.375,sparse,ok,"The image contains 8 objects with a range of sizes, as indicated by an area range of approximately 76 to 317 pixels. The shapes appear somewhat elongated on average, given the mean eccentricity value of 0.624. While there is some variation in intensity and shape regularity, the overall density of objects does not seem to be extremely high."
test_007,23,206.04347826086956,normal,ok,"The test_007 image contains 23 objects with varying sizes and shapes. The mean object area is approximately 206 pixels, indicating a range of sizes from about 55 to 587 pixels in size. While the eccentricity suggests some elongated or irregular shapes, it is difficult to determine the specific shape characteristics without additional context."
test_008,23,240.0,normal,ok,"The test_008 image contains 23 objects of varying sizes, with a relatively narrow range in terms of area (53-1020 pixels) suggesting some uniformity in size distribution. The objects exhibit a mix of elongated and rounded shapes, as indicated by their eccentricity values ranging from near-circular to highly elongated. Their solidity measures indicate a predominantly convex shape, but the extent of fill can vary among them."
test_009,21,178.0952380952381,normal,ok,"The test_009 image contains 21 objects of varying sizes, with a mean area of 178 pixels and a standard deviation of 100.4 pixels. The objects' shapes exhibit significant eccentricity, suggesting that many are elongated or irregular in shape, with a mean eccentricity of 0.616. The objects appear to have a mix of solid and concave features, as indicated by their solidity values ranging from 0.952 to the minimum of 0.78."
test_010,38,343.1578947368421,normal,ok,"The test_010 image contains 38 objects, suggesting a moderate to high density of structures within the scene. The size range of these objects is considerable, with values spanning from approximately 57 pixels to over 2093 pixels in area, indicating a significant variation in object size. While some degree of shape irregularity is evident, with mean eccentricity close to 1 (indicating elongated shapes), it remains unclear whether the objects are generally regular or irregular due to limited information on their spatial arrangement and specific features."
test_011,20,183.45,normal,ok,"The image contains 20 objects with varying sizes, ranging from approximately 54 pixels to over 750 pixels in area. The objects exhibit a mix of shapes, including elongated forms with an average eccentricity of 0.645, indicating irregularities in their symmetry. Despite these irregularities, the majority of the objects have high solidity values, suggesting that most are well-defined and not fragmented."
